{"cameraMode":{"drawMode":0,"name":"Shaded","section":"Shading Mode"},"sceneLighting":false,"audioPlay":false,"sceneViewState":{"showFog":true,"showMaterialUpdate":false,"showSkybox":true,"showFlares":true,"showImageEffects":true,"showParticleSystems":true},"in2DMode":false,"pivot":{"x":6.190521240234375,"y":-5.334533214569092,"z":9.156403541564942},"rotation":{"x":-0.006701773032546043,"y":-0.9888903498649597,"z":0.04700649529695511,"w":-0.14085936546325684},"size":7.547181606292725,"orthographic":true}