{"cameraMode":{"drawMode":0,"name":"Shaded","section":"Shading Mode"},"sceneLighting":false,"audioPlay":false,"sceneViewState":{"showFog":true,"showMaterialUpdate":false,"showSkybox":true,"showFlares":true,"showImageEffects":true,"showParticleSystems":true},"in2DMode":false,"pivot":{"x":-0.03083285689353943,"y":2.9802322387695315e-8,"z":2.9802322387695315e-8},"rotation":{"x":-0.04267697408795357,"y":-0.8507052659988403,"z":0.06991136074066162,"w":-0.5192221999168396},"size":1.6650958061218262,"orthographic":true}