{"cameraMode":{"drawMode":0,"name":"Shaded","section":"Shading Mode"},"sceneLighting":false,"audioPlay":false,"sceneViewState":{"showFog":true,"showMaterialUpdate":false,"showSkybox":true,"showFlares":true,"showImageEffects":true,"showParticleSystems":true},"in2DMode":false,"pivot":{"x":2.8263320922851564,"y":-3.9800360202789308,"z":6.052982330322266},"rotation":{"x":-0.03267081826925278,"y":-0.7105682492256165,"z":0.03306524083018303,"w":-0.7020912170410156},"size":7.927046775817871,"orthographic":false}